<profile version="1.0">
  <option name="myName" value="Default" />
  <inspection_tool class="Eslint" enabled="true" level="WARNING" enabled_by_default="true" />
  <inspection_tool class="PyCompatibilityInspection" enabled="true" level="WARNING" enabled_by_default="true">
    <option name="ourVersions">
      <value>
        <list size="2">
          <item index="0" class="java.lang.String" itemvalue="3.13" />
          <item index="1" class="java.lang.String" itemvalue="3.7" />
        </list>
      </value>
    </option>
  </inspection_tool>
  <inspection_tool class="PyMissingTypeHintsInspection" enabled="true" level="WEAK WARNING" enabled_by_default="true" />
</profile>