<toolSet name="External Tools">
  <tool name="start_local" showInMainMenu="false" showInEditor="false" showInProject="false" showInSearchPopup="false" disabled="true" useConsole="true" showConsoleOnStdOut="false" showConsoleOnStdErr="false" synchronizeAfterRun="true">
    <exec>
      <option name="COMMAND" value="$USER_HOME$/helloagain/backend-repo/backend/deployment/local/start_local.sh" />
      <option name="PARAMETERS" />
      <option name="WORKING_DIRECTORY" value="$USER_HOME$/helloagain/backend-repo/backend" />
    </exec>
  </tool>
  <tool name="start_test" showInMainMenu="false" showInEditor="false" showInProject="false" showInSearchPopup="false" disabled="false" useConsole="true" showConsoleOnStdOut="false" showConsoleOnStdErr="false" synchronizeAfterRun="true">
    <exec>
      <option name="COMMAND" value="$USER_HOME$/helloagain/backend-repo/backend/deployment/local/postgres_test/start.sh" />
      <option name="PARAMETERS" />
      <option name="WORKING_DIRECTORY" value="$USER_HOME$/helloagain/backend-repo/backend" />
    </exec>
  </tool>
</toolSet>