<application>
  <component name="FindSettings">
    <option name="customScope" value="Project Files" />
    <option name="defaultScopeName" value="Project Files" />
    <option name="showResultsInSeparateView" value="true" />
    <option name="SHOW_RESULTS_IN_SEPARATE_VIEW" value="true" />
    <option name="SEARCH_SCOPE" value="Project Files" />
    <mask>*.css</mask>
    <mask>*.html</mask>
    <mask>*.xml</mask>
    <mask>*.pyw</mask>
    <mask>models.py</mask>
    <mask>!test*.py</mask>
    <mask>serializers.py</mask>
    <mask>urls.py</mask>
    <mask>test*.py</mask>
    <mask>*.py</mask>
  </component>
</application>