<application>
  <component name="FindSettings">
    <option name="caseSensitive" value="true" />
    <option name="customScope" value="Project 'FlashDB'" />
    <option name="defaultScopeName" value="Project 'FlashDB'" />
    <option name="regularExpressions" value="true" />
    <option name="CASE_SENSITIVE_SEARCH" value="true" />
    <option name="REGULAR_EXPRESSIONS" value="true" />
    <option name="SEARCH_SCOPE" value="Project 'FlashDB'" />
    <option name="FILE_MASK" value="*.py" />
    <mask>*.css</mask>
    <mask>*.html</mask>
    <mask>*.xml</mask>
    <mask>*.pyw</mask>
    <mask>*.py</mask>
  </component>
</application>