<application>
  <component name="SonarLintGlobalSettings">
    <option name="rulesByKey">
      <map>
        <entry key="python:S100">
          <value>
            <Rule active="false" key="python:S100" />
          </value>
        </entry>
        <entry key="python:S116">
          <value>
            <Rule active="false" key="python:S116" />
          </value>
        </entry>
      </map>
    </option>
    <rules>
      <Rule active="false" key="python:S116" />
      <Rule active="false" key="python:S100" />
    </rules>
  </component>
</application>